Gender,Married,Education,Self_Employed,ApplicantIncome,CoapplicantIncome,LoanAmount,Loan_Amount_Term,Property_Area,Loan_Status,Dependents_0,Dependents_1,Dependents_2,Dependents_3+,Credit_History_0.0,Credit_History_1.0
1,1,0,0,-0.13782579766678688,-0.027922909133852893,-0.20787229258219753,360.0,0,N,0,1,0,0,0,1
1,1,0,1,-0.4171006445274618,-0.6040028475801241,-0.9779805245311822,360.0,2,Y,1,0,0,0,0,1
1,1,1,0,-0.4906683079140073,0.2967905840222018,-0.30724109670464717,360.0,2,Y,1,0,0,0,0,1
1,0,0,0,0.11216312084336878,-0.6040028475801241,-0.046397985883216884,360.0,2,Y,1,0,0,0,0,1
1,1,0,1,0.009309529106304039,0.9989357609878826,1.518660679045365,360.0,2,Y,0,0,1,0,0,1
1,1,1,0,-0.5347736216949098,-0.024866782139442968,-0.6177686095873023,360.0,2,Y,1,0,0,0,0,1
1,1,0,0,-0.41074947934301187,0.352564901670183,0.1647607228769886,360.0,1,N,0,0,0,1,1,0
1,1,0,0,-0.23962086187310996,-0.02104662339643056,0.2889717280300506,360.0,2,Y,0,0,1,0,0,1
1,1,0,0,1.3190609271439862,3.585947261755886,2.5371909213004735,360.0,1,N,0,1,0,0,0,1
1,1,0,0,-0.38181639350273977,-0.3365917355692555,-0.9282961224699574,360.0,2,Y,0,0,1,0,0,1
1,1,0,0,-0.4042218929034383,2.4926178295057344,0.6864469445198492,360.0,2,Y,0,0,1,0,0,1
1,0,0,0,-0.6194558241542427,0.4809222354353999,-0.3817676997964844,360.0,0,N,1,0,0,0,0,1
1,1,0,0,-0.7171931994927228,-0.18913360808897653,-1.5866144497811863,120.0,2,Y,0,0,1,0,0,1
1,0,0,0,-0.07307919703642193,-0.6040028475801241,-0.24513559412811614,360.0,2,Y,1,0,0,0,0,1
0,0,0,0,-0.32712580441442063,-0.6040028475801241,-0.8537695193781202,360.0,2,N,1,0,0,0,1,0
1,1,1,0,-0.08419373610920937,-0.6040028475801241,-0.14576679000566653,360.0,0,N,1,0,0,0,0,1
1,1,1,0,0.40502240434856174,-0.6040028475801241,-0.5059787049495464,360.0,2,N,1,0,0,0,1,0
1,1,0,0,0.10422416436280633,1.5448364453643557,2.114873503780063,360.0,2,Y,0,1,0,0,0,1
1,1,1,0,-0.4876691465769059,0.12602948820954718,-0.356925498765872,360.0,1,N,1,0,0,0,1,0
1,1,0,1,0.7402227890834211,-0.6040028475801241,0.5746570398820934,360.0,1,Y,1,0,0,0,0,1
1,1,0,0,-0.4525613168073075,0.25667891722057157,-0.28239889567403476,360.0,1,Y,1,0,0,0,0,1
1,1,1,0,-0.20080818574591572,-0.2067063383068336,-0.4314521018577092,360.0,2,Y,0,0,1,0,0,1
1,0,1,0,-0.6919649600100466,-0.6040028475801241,-1.3630346405056746,360.0,2,N,1,0,0,0,0,1
1,0,0,0,-0.38763829492181895,-0.6040028475801241,-0.8786117204087326,360.0,2,N,1,0,0,0,0,1
1,0,0,1,-0.11859588085831337,-0.6040028475801241,-0.48113650391893403,360.0,0,N,0,1,0,0,0,1
1,1,0,0,-0.32889001696565673,0.0328176148800444,-0.3817676997964844,360.0,1,Y,1,0,0,0,0,1
1,0,0,0,1.2589012791468353,0.5420447753235985,2.1769790063565937,360.0,0,N,0,0,0,1,0,1
0,1,0,0,-0.2994276673600138,-0.0466416869746137,-0.00913468433729827,360.0,1,Y,1,0,0,0,0,1
1,0,0,0,-0.21139346105333234,2.1503316061318225,0.4877093362749499,360.0,2,Y,1,0,0,0,0,1
1,0,1,0,-0.2851375456950014,0.03319963075434564,-0.4314521018577092,360.0,1,Y,1,0,0,0,0,1
1,0,0,0,-0.31124789145329573,-0.6040028475801241,-0.8040851173168954,360.0,2,N,1,0,0,0,0,1
1,0,0,0,-0.628806150675794,-0.14061759205271895,-1.2139814343220001,360.0,2,Y,1,0,0,0,0,1
1,1,0,0,-0.2510882434561446,0.2883862347875745,-0.13334568949036033,360.0,1,Y,1,0,0,0,0,1
1,1,0,0,0.05023926029498161,-0.6040028475801241,-1.2512447358679186,360.0,2,Y,0,1,0,0,0,1
1,1,0,0,0.08058371617624256,-0.6040028475801241,-0.00913468433729827,360.0,2,Y,1,0,0,0,0,1
0,1,0,0,-0.47973019009634343,0.7101317600161444,-0.30724109670464717,360.0,2,N,1,0,0,0,1,0
0,0,0,0,-0.2406793894038516,0.26508326645519886,-0.00913468433729827,360.0,1,Y,1,0,0,0,0,1
0,1,1,0,-0.6062242300199719,0.024031249771115863,-0.5556631070107713,360.0,1,Y,1,0,0,0,0,1
0,0,0,0,-0.40192841658683137,-0.6040028475801241,-0.30724109670464717,360.0,1,Y,1,0,0,0,0,1
0,0,0,0,-0.20010250072542127,-0.6040028475801241,-0.4066099008270968,360.0,1,N,1,0,0,0,0,1
1,1,0,0,-0.13200389624770772,-0.6040028475801241,-0.13334568949036033,360.0,2,N,0,0,1,0,0,1
0,1,0,1,1.0824800240232249,-0.6040028475801241,1.7546615888361827,360.0,2,N,0,1,0,0,1,0
1,1,0,0,-0.468615651023556,-0.15819032227057603,-0.5929264085566899,360.0,1,Y,0,0,1,0,0,1
1,1,0,0,-0.5702342939747554,0.0037844084331500973,-0.6053475090719961,360.0,1,Y,1,0,0,0,0,1
1,1,0,0,-0.3525304651522205,0.23643207588260579,-0.1209245889750541,360.0,0,N,1,0,0,0,0,1
1,1,0,0,0.47911933150047803,0.2555328695976678,0.43802493421372507,360.0,2,Y,0,1,0,0,0,1
1,1,1,0,-0.354118256448333,0.4881805370471235,-0.00913468433729827,360.0,2,Y,0,0,1,0,0,1
1,1,0,0,-0.505311272089267,0.8461294112673863,-0.30724109670464717,360.0,2,Y,1,0,0,0,0,1
1,1,0,0,-0.41198442812887714,-0.6040028475801241,-0.5680842075260775,360.0,2,Y,0,0,0,1,0,1
1,1,1,1,-0.48608135528079344,0.7135699028848556,0.251708426484132,180.0,0,N,1,0,0,0,1,0
0,0,0,0,-0.21139346105333234,-0.6040028475801241,-0.356925498765872,360.0,1,N,1,0,0,0,1,0
1,1,0,0,0.06382369693949959,1.1513600948340776,1.406870774407609,360.0,1,N,1,0,0,0,0,1
1,0,1,0,-0.38181639350273977,0.25706093309487277,-0.23271449361280994,180.0,2,N,1,0,0,0,1,0
1,1,0,0,0.9501640826805173,-0.6040028475801241,2.077610202234144,360.0,2,Y,0,1,0,0,0,1
1,1,1,1,0.30622650147934,-0.6040028475801241,-0.24513559412811614,60.0,2,Y,0,0,0,1,0,1
0,0,0,0,-0.18775301286676857,-0.6040028475801241,-0.1085034884597479,360.0,1,N,1,0,0,0,1,0
1,1,0,0,-0.3804050234617509,0.5672578230274804,0.33865613009127543,360.0,2,Y,1,0,0,0,0,1
1,1,1,1,-0.6155745565415233,0.1122769167347025,-0.5929264085566899,360.0,1,Y,0,0,1,0,0,1
1,0,0,0,-0.32889001696565673,-0.6040028475801241,-0.7916640168015892,300.0,1,Y,1,0,0,0,0,1
1,1,0,1,-0.0173300804173611,0.07369331343027717,0.5249726378208686,360.0,1,Y,0,0,0,1,0,1
1,0,0,0,-0.2847847031847542,-0.6040028475801241,-0.3941888003117906,480.0,2,N,1,0,0,0,0,1
1,0,0,0,-0.2847847031847542,1.21057255535077,0.38834053215250025,360.0,2,N,1,0,0,0,0,1
1,1,0,1,-0.7699431547746822,0.5504491245582258,-0.4314521018577092,360.0,2,N,0,1,0,0,0,1
1,1,0,0,-0.38763829492181895,0.9240606496248394,0.43802493421372507,300.0,1,N,0,0,0,1,1,0
0,0,0,0,-0.2678482626928876,-0.6040028475801241,-0.419031001342403,360.0,1,Y,1,0,0,0,0,1
0,1,0,0,-0.7032559203379576,0.11456901198050995,0.2765506275147444,360.0,2,N,0,0,1,0,0,1
1,1,0,0,-0.24279644446533494,-0.6040028475801241,-1.1767181327760814,240.0,2,Y,0,1,0,0,0,1
1,0,0,0,-0.5289517202758307,0.3628793302763165,-0.1085034884597479,360.0,1,Y,1,0,0,0,0,1
1,1,0,0,-0.505311272089267,0.20510677418990403,-0.5059787049495464,360.0,1,Y,1,0,0,0,0,1
1,0,0,0,0.5648600614905526,-0.6040028475801241,0.8106579496729113,360.0,2,Y,1,0,0,0,0,1
1,1,0,0,0.05835463803066768,0.9878573006331466,0.37591943163719405,360.0,1,Y,1,0,0,0,0,1
1,1,0,0,-0.42451033724265347,0.5038431878934744,-0.17060899103627894,360.0,1,Y,1,0,0,0,0,1
1,1,0,0,0.15626843462427134,1.5559149057190917,0.5373937383361748,180.0,1,Y,0,0,1,0,0,1
1,1,1,0,-0.36893764187871625,0.09126604364813426,-0.7916640168015892,360.0,2,Y,0,0,1,0,0,1
1,0,0,0,-0.21721536247241147,-0.6040028475801241,-0.28239889567403476,360.0,1,Y,1,0,0,0,0,1
1,0,1,0,-0.3077194663508235,-0.6040028475801241,-1.4872456456587366,120.0,1,Y,1,0,0,0,0,1
0,1,0,0,-0.5081340121712447,0.2753976950613323,-0.0960823879444417,360.0,1,Y,1,0,0,0,0,1
1,1,0,0,-0.5975795885189151,-0.22313302090178697,-1.1767181327760814,360.0,1,Y,1,0,0,0,0,1
1,1,1,0,-0.20751219344061292,-0.6040028475801241,-0.3693465992811782,180.0,1,Y,1,0,0,0,0,1
1,1,0,0,-0.6360394221358621,0.7487153633205698,-0.17060899103627894,360.0,1,Y,1,0,0,0,0,1
1,1,1,0,-0.1898700679282519,0.6425149502648249,-0.14576679000566653,180.0,2,Y,0,0,1,0,0,1
1,0,0,0,-0.09195627133464822,0.8499495700103987,0.07781301926984516,360.0,1,Y,1,0,0,0,0,1
1,1,0,0,-0.4079267392610341,-0.21052649704984602,-0.5556631070107713,360.0,2,Y,0,1,0,0,0,1
1,1,0,0,1.0678370598479652,-0.1738529731169269,0.9969744574025042,360.0,2,Y,0,0,1,0,0,1
1,1,0,0,-0.2759636404285737,0.771254299904343,0.8851845527647485,360.0,2,N,0,0,1,0,1,0
1,1,1,0,-0.5809959905372957,-0.3159628783569885,-0.6301897101026085,480.0,1,Y,0,0,0,1,0,1
1,0,0,0,-0.008509017661180594,-0.6040028475801241,-0.1085034884597479,360.0,2,Y,1,0,0,0,0,1
1,1,0,0,1.626386753569315,-0.6040028475801241,0.5001304367902561,180.0,0,Y,0,1,0,0,0,1
0,1,0,0,-0.38763829492181895,0.26813939344960874,0.11507632081576377,360.0,1,Y,1,0,0,0,0,1
1,1,0,0,0.03594913862996918,0.2142751551731338,0.37591943163719405,360.0,0,N,1,0,0,0,0,1
0,0,0,0,0.8898280134282426,-0.6040028475801241,1.4192918749229153,360.0,2,Y,1,0,0,0,0,1
0,0,0,0,-0.21139346105333234,-0.6040028475801241,-1.2512447358679186,360.0,1,Y,1,0,0,0,0,1
0,0,0,0,-0.5693521876991374,2.826499703645019,-0.0960823879444417,360.0,1,Y,1,0,0,0,1,0
1,1,0,0,-0.4246867584977771,-0.6040028475801241,-0.7916640168015892,360.0,1,Y,0,0,1,0,0,1
1,1,1,0,-0.18775301286676857,0.16537712326257498,0.611920341428012,360.0,0,Y,1,0,0,0,0,1
1,1,0,1,0.9083522452162217,0.8667582684796533,0.189602923907601,180.0,2,N,0,1,0,0,1,0
1,0,0,0,-0.5910520020793415,0.1329057739469695,-0.8786117204087326,360.0,2,Y,1,0,0,0,0,1
1,0,0,0,-0.4668514384723199,-0.6040028475801241,-0.9282961224699574,360.0,1,Y,1,0,0,0,0,1
1,1,0,1,-0.33612328842572475,-0.6040028475801241,-1.4872456456587366,120.0,1,Y,1,0,0,0,0,1
1,0,0,0,-0.0827823660682205,-0.6040028475801241,-0.5308209059801589,360.0,1,Y,1,0,0,0,0,1
1,1,0,0,-0.2406793894038516,2.3566201782544924,1.8043459908974075,360.0,1,N,0,0,0,1,0,1
0,1,0,0,-0.13782579766678688,-0.6040028475801241,-0.7544007152556705,360.0,0,N,1,0,0,0,0,1
1,1,0,1,-0.361351527908401,0.7330527124742189,-0.7047163131944457,360.0,2,Y,0,0,1,0,0,1
1,0,0,0,1.6997779957007368,-0.6040028475801241,1.2081331661627097,360.0,1,N,1,0,0,0,1,0
1,1,1,0,-0.2053951383791296,-0.05772014732934968,-0.19545119206689132,360.0,0,N,0,0,1,0,0,1
1,1,0,0,-0.05684844156504979,0.1917362185893606,0.5001304367902561,360.0,0,N,0,0,1,0,0,1
1,0,0,0,0.009309529106304039,-0.6040028475801241,0.2889717280300506,360.0,2,Y,1,0,0,0,0,1
1,0,0,1,0.2797633132107985,-0.6040028475801241,0.37591943163719405,180.0,1,Y,1,0,0,0,0,1
1,1,0,0,-0.4703798635747921,0.1730174407485998,-0.28239889567403476,360.0,1,Y,1,0,0,0,0,1
1,1,0,0,1.1278202865899927,-0.6040028475801241,0.5249726378208686,180.0,2,Y,0,0,1,0,0,1
0,1,0,0,-0.5353028854602807,1.1097203645352425,-0.5556631070107713,360.0,1,Y,1,0,0,0,0,1
0,1,0,0,1.6763139687692967,-0.6040028475801241,-0.9282961224699574,360.0,2,Y,0,0,1,0,0,1
1,1,0,0,-0.67502851951818,-0.05963022670085588,-1.4251401430822055,360.0,2,Y,0,1,0,0,0,1
0,0,0,0,0.8178481413378096,0.03243559900574316,0.9969744574025042,360.0,0,N,1,0,0,0,0,1
1,1,0,0,-0.08895710999754684,-0.2869296719100942,-0.24513559412811614,360.0,1,Y,1,0,0,0,0,1
1,0,0,0,0.16103180851260882,-0.6040028475801241,-0.3320832977352596,360.0,0,N,1,0,0,0,1,0
1,1,0,1,-0.49172683544474893,0.8285566810495292,0.09023411978515136,360.0,0,Y,1,0,0,0,0,1
1,0,0,0,0.6707128145647188,-0.6040028475801241,1.2329753671933221,360.0,2,N,1,0,0,0,0,1
1,1,1,0,-0.5439475269613375,-0.6040028475801241,-0.3941888003117906,360.0,0,N,0,0,1,0,0,1
1,0,0,0,-0.3722896457260648,-0.6040028475801241,-1.1767181327760814,360.0,2,Y,1,0,0,0,0,1
1,1,0,0,6.110309373790993,-0.6040028475801241,5.654887150642331,180.0,1,Y,0,0,0,1,1,0
1,1,0,0,0.7363415214707018,-0.6040028475801241,0.5249726378208686,360.0,2,Y,0,1,0,0,0,1
1,1,0,0,-0.13782579766678688,1.5448364453643557,1.3696074728616905,360.0,1,Y,1,0,0,0,0,1
1,1,1,0,-0.6176916116030067,-0.20632432243253238,-0.5805053080413837,360.0,1,Y,1,0,0,0,0,1
1,1,0,0,0.4531854069973073,-0.6040028475801241,1.6180294831678146,360.0,2,N,1,0,0,0,0,1
1,1,0,0,-0.40139915282146055,-0.11502252847453581,-0.29481999618934096,360.0,1,N,0,1,0,0,1,0
1,1,0,0,-0.21121703979820872,-0.051225877466228587,0.1647607228769886,360.0,0,Y,0,0,1,0,0,1
1,1,0,0,0.6984109516191255,-0.6040028475801241,-0.8661906198934264,180.0,2,Y,1,0,0,0,0,1
0,1,0,0,-0.13782579766678688,-0.6040028475801241,-0.4066099008270968,360.0,0,N,1,0,0,0,0,1
1,1,0,0,-0.5160729686518072,0.6692560614659117,-0.19545119206689132,360.0,0,Y,1,0,0,0,0,1
1,0,0,0,-0.5517100621867764,-0.6040028475801241,-1.0152438260771008,480.0,1,N,1,0,0,0,1,0
1,1,0,0,0.4650056310905892,-0.6040028475801241,0.6864469445198492,360.0,1,Y,0,0,1,0,0,1
1,1,1,0,-0.32500874935293733,-0.6040028475801241,-0.7916640168015892,180.0,0,N,0,0,0,1,0,1
1,1,0,0,0.06064811434727461,1.5448364453643557,0.5249726378208686,360.0,1,Y,1,0,0,0,0,1
1,1,1,1,-0.17999047764132972,-0.3228391640944108,-0.7171374137097519,360.0,1,N,1,0,0,0,0,1
1,1,0,0,-0.32941928073102755,0.14627632954751293,-0.356925498765872,360.0,0,Y,1,0,0,0,0,1
1,1,0,0,-0.5855829431705096,0.014480852913584842,-0.5432420064954651,360.0,0,Y,0,0,1,0,0,1
1,1,0,0,0.02677523336354145,3.7127765320238977,4.35067159653518,360.0,1,N,0,0,0,1,1,0
1,1,0,0,-0.2847847031847542,-0.6040028475801241,-0.356925498765872,360.0,1,Y,0,1,0,0,0,1
1,0,1,0,-0.5347736216949098,-0.049697813969023626,-0.5308209059801589,480.0,2,N,1,0,0,0,1,0
1,1,0,0,0.18273162289281286,2.1656122411038723,0.43802493421372507,360.0,2,N,0,1,0,0,1,0
1,1,0,0,-0.1348266363296855,-0.6040028475801241,-0.8910328209240388,180.0,1,Y,1,0,0,0,0,1
1,1,0,0,5.024789391015418,-0.6040028475801241,1.4317129754382214,360.0,1,N,0,1,0,0,0,1
0,1,0,0,-0.30683736007520546,-0.6040028475801241,-0.4562943028883216,360.0,1,Y,1,0,0,0,0,1
1,1,0,1,5.959998464425677,1.21057255535077,-0.30724109670464717,360.0,1,Y,1,0,0,0,0,1
1,1,0,1,-0.5621189162390694,-0.6040028475801241,-0.9779805245311822,300.0,0,N,0,1,0,0,1,0
1,1,0,0,0.6992930578947436,-0.6040028475801241,0.5373937383361748,180.0,0,Y,1,0,0,0,0,1
1,0,1,0,-0.0845465786194566,-0.6040028475801241,-1.2015603338066938,360.0,0,Y,1,0,0,0,0,1
1,0,0,0,1.17069065158503,-0.6040028475801241,0.23928732596882582,360.0,1,N,1,0,0,0,0,1
1,1,1,0,0.11798502226244792,-0.6040028475801241,0.189602923907601,360.0,2,N,1,0,0,0,0,1
1,0,0,0,-0.2657312076314043,-0.6040028475801241,-0.8537695193781202,360.0,1,Y,1,0,0,0,0,1
1,0,0,0,-0.20698292967524207,-0.6040028475801241,-0.30724109670464717,360.0,0,Y,1,0,0,0,0,1
1,1,0,0,-0.39504798763701054,0.38274415573998105,0.313813929060663,360.0,1,N,0,1,0,0,0,1
1,0,0,0,0.5237539090467515,0.8285566810495292,0.5249726378208686,360.0,0,Y,1,0,0,0,0,1
1,0,0,1,0.9942693964614199,-0.6040028475801241,-0.7668218157709767,360.0,2,N,1,0,0,0,0,1
1,1,1,0,-0.4876691465769059,0.35103683817297804,-0.6798741121638333,360.0,1,Y,0,1,0,0,0,1
1,0,0,0,-0.07784257092475941,-0.6040028475801241,0.2641295269994382,360.0,1,Y,0,0,1,0,1,0
1,1,1,0,-0.32889001696565673,-0.19027965571188027,-0.1209245889750541,360.0,2,Y,0,1,0,0,0,1
1,1,1,0,-0.25532235357911126,-0.6040028475801241,-0.25755669464342235,360.0,1,Y,0,0,1,0,0,1
0,0,1,0,-0.16869951731341867,-0.6040028475801241,-0.30724109670464717,360.0,1,Y,1,0,0,0,0,1
0,0,0,0,-0.3740538582773009,-0.6040028475801241,-0.8040851173168954,360.0,2,Y,1,0,0,0,0,1
1,0,1,0,-0.2450899207819419,0.3628793302763165,-1.1146126301995505,360.0,0,Y,1,0,0,0,0,1
1,0,0,0,-0.5090161184468628,-0.6040028475801241,-1.0649282281383257,360.0,2,Y,1,0,0,0,0,1
1,0,0,0,-0.3433565598857928,-0.6040028475801241,-0.22029339309750373,360.0,1,N,1,0,0,0,0,1
0,0,0,0,0.8178481413378096,-0.6040028475801241,0.8603423517341361,360.0,1,N,1,0,0,0,0,1
1,1,0,0,-0.3412395048243094,-0.12648300470357304,-0.20787229258219753,360.0,1,N,0,0,0,1,1,0
1,1,0,1,0.4274279037492602,-0.6040028475801241,1.1832909651320973,360.0,2,Y,0,1,0,0,0,1
1,1,1,1,0.05976600807165656,-0.6040028475801241,-0.18303009155158512,360.0,0,Y,0,0,0,1,0,1
1,1,0,0,-0.38657976739107724,0.5500671086839245,-0.0960823879444417,360.0,2,Y,1,0,0,0,0,1
1,1,1,0,-0.26714257767239313,-0.22848124314200435,-0.5556631070107713,360.0,1,Y,0,0,0,1,0,1
1,1,0,0,-0.919901221629751,0.08362572616210943,-0.1209245889750541,360.0,0,N,1,0,0,0,0,1
1,1,0,0,-0.2888423920525972,0.07407532930457841,-0.17060899103627894,360.0,1,Y,1,0,0,0,0,1
1,1,0,0,-0.5545328022687542,-0.6040028475801241,-1.0525071276230193,360.0,2,N,1,0,0,0,1,0
1,1,0,0,-0.23909159810773914,0.05191840859510644,-0.356925498765872,360.0,1,Y,0,0,1,0,0,1
1,0,0,0,-0.42221686092604654,0.4622034575946391,-0.00913468433729827,360.0,1,Y,1,0,0,0,0,1
1,1,0,0,0.15626843462427134,-0.6040028475801241,-0.20787229258219753,360.0,1,Y,1,0,0,0,0,1
1,1,0,0,-0.3729953307465593,-0.6040028475801241,0.313813929060663,360.0,0,N,1,0,0,0,0,1
1,1,0,0,0.15626843462427134,0.04351405936047915,0.8106579496729113,360.0,1,Y,0,0,1,0,0,1
1,0,0,1,0.18273162289281286,-0.6040028475801241,0.6864469445198492,360.0,0,Y,1,0,0,0,0,1
1,1,0,0,-0.5068990633853794,0.18065775823462463,-0.5059787049495464,360.0,1,Y,0,1,0,0,0,1
0,0,0,0,0.5237539090467515,-0.6040028475801241,1.6801349857443455,360.0,1,Y,1,0,0,0,0,1
1,1,0,0,-0.38975534998330225,0.07560339280178338,-0.05881908639852309,360.0,1,Y,0,1,0,0,0,1
1,1,0,0,0.023952493281563684,-0.12266284596056062,0.313813929060663,360.0,0,Y,0,1,0,0,0,1
0,0,0,0,-0.27384658536709033,-0.6040028475801241,-0.4066099008270968,360.0,0,Y,0,1,0,0,0,1
1,1,0,0,-0.3615279491635246,-0.6040028475801241,-0.6053475090719961,360.0,1,Y,0,1,0,0,0,1
1,1,0,0,0.08023087366599534,1.3060765239260803,-0.30724109670464717,360.0,0,Y,0,0,1,0,0,1
1,1,1,0,-0.5035470595380308,0.15353463115923652,-0.05881908639852309,180.0,2,N,0,1,0,0,0,1
1,0,0,0,-0.4232753884567882,1.57386965181125,0.12749742133106998,60.0,2,Y,1,0,0,0,0,1
1,1,0,1,0.15626843462427134,-0.10738221098851099,-0.4562943028883216,360.0,0,Y,0,0,1,0,0,1
1,1,1,0,-0.3454736149472761,1.0833612692084569,-0.26997779515872855,360.0,1,Y,1,0,0,0,0,1
1,0,0,1,0.1209841835995493,1.0512719357671527,-0.30724109670464717,180.0,2,N,1,0,0,0,0,1
1,1,0,0,0.7654510285660974,-0.6040028475801241,-0.4066099008270968,360.0,2,Y,0,0,1,0,0,1
1,1,1,0,0.21942724395852378,-0.6040028475801241,-0.0960823879444417,180.0,2,Y,0,1,0,0,0,1
1,1,0,0,-0.4379183526320478,0.1000524087570628,-0.26997779515872855,480.0,1,Y,0,1,0,0,0,1
1,1,0,0,-0.6272183593796816,0.10960280561459382,-0.6798741121638333,360.0,2,Y,1,0,0,0,0,1
1,1,1,0,-0.6520937563521106,0.8820389034517029,0.6988680450351554,360.0,1,N,1,0,0,0,1,0
0,0,0,0,-0.34176876858968025,-0.6040028475801241,-0.08366128742913549,360.0,2,N,0,0,1,0,0,1
1,0,1,1,-0.4906683079140073,0.22382555203066484,-0.5059787049495464,360.0,0,Y,1,0,0,0,0,1
1,1,1,0,-0.4769074500143657,2.1086918758329873,1.6677138852290394,180.0,1,Y,0,1,0,0,0,1
1,0,0,1,1.9204809858603733,-0.6040028475801241,0.5870781403973996,360.0,2,N,1,0,0,0,1,0
0,0,0,0,-0.4024576803522022,-0.6040028475801241,1.3696074728616905,360.0,0,Y,0,0,0,1,0,1
1,0,1,0,0.12010207732393124,-0.6040028475801241,-0.3693465992811782,360.0,0,N,1,0,0,0,1,0
1,1,0,0,-0.020152820499338867,-0.6040028475801241,-0.6301897101026085,360.0,2,N,0,0,0,1,0,1
1,1,0,0,1.6440288790816762,0.1982304884524817,1.9782413981116944,360.0,0,N,1,0,0,0,0,1
1,0,0,0,-0.5829366243436555,0.23987021875131695,-0.13334568949036033,360.0,1,Y,1,0,0,0,0,1
0,0,0,0,-0.3322420208130053,-0.6040028475801241,0.12749742133106998,36.0,1,N,0,1,0,0,0,1
0,0,0,0,0.32386862699170105,-0.6040028475801241,-0.30724109670464717,360.0,0,Y,1,0,0,0,0,1
1,0,0,1,-0.034972205929722125,-0.6040028475801241,-0.20787229258219753,360.0,1,Y,1,0,0,0,0,1
1,0,0,0,-0.22391937016710867,0.7128058711362532,0.07781301926984516,360.0,0,Y,1,0,0,0,0,1
1,1,0,0,-0.1157731407763356,-0.07414682992430303,0.06539191875453895,360.0,1,Y,0,0,1,0,0,1
1,1,0,0,-0.18193111144768942,0.08782790077942308,0.189602923907601,360.0,2,Y,0,0,0,1,1,0
0,0,0,0,-0.4389768801627895,-0.008058083670188369,-0.6798741121638333,360.0,2,Y,0,1,0,0,0,1
0,0,0,0,-0.3752888070631662,-0.6040028475801241,-1.4251401430822055,360.0,2,Y,1,0,0,0,0,1
1,1,0,0,1.020026899709467,-0.6040028475801241,-0.1085034884597479,360.0,2,Y,1,0,0,0,0,1
1,0,0,0,-0.44656299413310474,0.10540063099728017,-0.23271449361280994,360.0,0,Y,1,0,0,0,0,1
1,1,0,0,-0.4841407214744337,0.2452184409915343,0.06539191875453895,360.0,1,Y,1,0,0,0,0,1
1,1,0,0,-0.25832151491621264,-0.6040028475801241,-0.6798741121638333,360.0,1,Y,0,0,1,0,0,1
1,1,0,0,-0.46120595830836436,0.09967039288276155,-0.3693465992811782,360.0,1,Y,0,1,0,0,0,1
1,1,0,0,-0.2419143381897169,0.6467171248821385,0.7733946481269927,360.0,1,Y,1,0,0,0,0,1
1,1,0,0,-0.39892925524973,-0.10738221098851099,-0.8040851173168954,360.0,2,Y,1,0,0,0,0,1
1,1,0,0,1.626386753569315,-0.6040028475801241,3.617826666132114,360.0,1,Y,1,0,0,0,0,1
1,0,1,1,-0.2313290628823003,0.3227676634746862,0.1647607228769886,360.0,2,N,0,1,0,0,1,0
1,1,0,0,-0.25355814102787516,-0.2983901481391314,-0.4066099008270968,360.0,1,Y,1,0,0,0,0,1
1,1,0,0,-0.5404191018588653,-0.22741160335455451,-0.8289273183475078,180.0,2,Y,0,0,1,0,0,1
0,0,0,0,-0.6268655168694344,0.03243559900574316,-1.1270337307148566,360.0,2,Y,1,0,0,0,0,1
1,0,0,0,-0.3892260862179314,0.5622916166615642,-0.6922952126791395,360.0,0,Y,1,0,0,0,0,1
0,0,0,1,-0.4876691465769059,0.05191840859510644,-0.5680842075260775,300.0,1,N,1,0,0,0,0,1
1,1,0,0,-0.29290008092044023,0.16002890102235762,-0.30724109670464717,360.0,0,Y,1,0,0,0,0,1
0,0,0,0,-0.21880315376852397,-0.6040028475801241,-0.3693465992811782,360.0,1,Y,1,0,0,0,0,1
1,0,0,0,0.7310488838169934,-0.6040028475801241,0.5249726378208686,360.0,0,Y,1,0,0,0,0,1
1,1,0,0,-0.40386905039319104,0.3189475047316738,-0.07124018691382929,360.0,0,Y,1,0,0,0,0,1
1,1,0,0,-0.17011088735440755,-0.6040028475801241,-0.22029339309750373,360.0,1,N,0,0,1,0,1,0
1,1,0,0,-0.3901081924935495,-0.008058083670188369,-0.13334568949036033,360.0,2,Y,0,0,1,0,0,1
1,1,0,0,-0.5259525589387294,0.6696380773402129,0.33865613009127543,360.0,1,Y,1,0,0,0,0,1
1,1,0,0,0.26653171907652773,-0.6040028475801241,0.6864469445198492,360.0,1,Y,0,1,0,0,0,1
0,1,0,0,-0.12318283349152723,-0.6040028475801241,-0.1209245889750541,360.0,2,Y,0,1,0,0,0,1
0,0,0,0,-0.06425813428024142,0.3666994890193289,0.07781301926984516,480.0,0,N,1,0,0,0,0,1
1,1,0,0,-0.5910520020793415,0.5133935847510054,-0.3941888003117906,360.0,2,N,0,1,0,0,0,1
1,1,1,0,-0.628806150675794,0.5168317276197165,-0.6426108106179147,360.0,2,N,1,0,0,0,1,0
0,0,0,0,-0.06425813428024142,-0.6040028475801241,-0.15818789052097273,360.0,0,Y,1,0,0,0,0,1
1,1,0,0,-0.6596798703224259,0.08477177378501316,-0.6053475090719961,360.0,2,Y,0,1,0,0,0,1
1,0,0,0,-0.2406793894038516,0.35103683817297804,-0.05881908639852309,360.0,0,Y,1,0,0,0,0,1
0,0,0,0,-0.28266764812327083,0.03243559900574316,-0.1209245889750541,360.0,0,Y,1,0,0,0,0,1
0,0,0,0,-0.522953397601628,0.10769272624308761,-0.5059787049495464,360.0,2,N,1,0,0,0,1,0
1,0,0,0,2.6231668450177126,-0.6040028475801241,4.1643550888055865,360.0,0,N,1,0,0,0,0,1
0,0,0,0,-0.4317436087027215,-0.6040028475801241,-0.7544007152556705,360.0,1,Y,1,0,0,0,0,1
1,0,1,0,-0.4299793961514854,0.3147453301143602,-0.419031001342403,360.0,1,Y,1,0,0,0,0,1
0,0,0,0,-0.5040763233034017,-0.6040028475801241,-1.1021915296842442,360.0,0,Y,1,0,0,0,0,1
1,1,1,0,-0.34670856373314135,0.0225031862739109,-0.419031001342403,180.0,2,Y,0,1,0,0,0,1
1,1,0,0,-0.2906066046038333,-0.6040028475801241,-0.30724109670464717,360.0,1,Y,0,0,1,0,0,1
1,1,0,1,0.8178481413378096,-0.6040028475801241,0.12749742133106998,360.0,0,N,0,1,0,0,0,1
1,1,0,0,-0.522953397601628,0.22382555203066484,-0.3693465992811782,360.0,1,Y,1,0,0,0,0,1
1,1,0,0,-0.18034332015157695,-0.5318018473371896,-0.25755669464342235,360.0,1,Y,0,0,0,1,0,1
1,1,0,0,1.6999544169558605,-0.6040028475801241,1.9285569960504696,360.0,0,Y,0,0,0,1,0,1
1,1,0,1,0.5825021870029136,1.2995822540629591,2.872560635213741,360.0,0,N,0,1,0,0,1,0
1,0,0,0,-0.07890109845550107,-0.6040028475801241,-0.18303009155158512,360.0,0,Y,1,0,0,0,1,0
1,1,0,1,0.08005445241087174,0.22115144091055614,0.4877093362749499,360.0,1,Y,1,0,0,0,0,1
0,1,0,0,-0.18193111144768942,0.3323180603322172,-0.4314521018577092,360.0,2,N,1,0,0,0,0,1
0,0,0,0,-0.505311272089267,-0.6040028475801241,-0.965559424015876,360.0,2,Y,1,0,0,0,0,1
1,0,0,0,-0.1729336274363853,0.08095161504200075,-0.3445043982505658,360.0,2,Y,0,1,0,0,0,1
1,0,0,0,-0.4285680261104965,-0.6040028475801241,-0.5805053080413837,360.0,1,Y,1,0,0,0,0,1
1,1,0,1,-0.505311272089267,1.153270174205584,0.38834053215250025,360.0,0,Y,0,0,1,0,0,1
0,0,0,0,-0.212451988584074,-0.6040028475801241,-0.9158750219546512,360.0,1,Y,1,0,0,0,0,1
1,1,1,0,-0.47937734758609624,0.002256344935945134,0.35107723060658164,360.0,0,N,0,0,0,1,0,1
0,0,0,0,-0.5268346652143474,-0.6040028475801241,-1.2264025348373062,360.0,0,N,1,0,0,0,0,1
1,1,1,0,-0.14294201406537158,-0.13450533806389908,0.1647607228769886,360.0,2,Y,0,1,0,0,0,1
1,1,1,0,-0.38657976739107724,-0.6040028475801241,-0.8786117204087326,360.0,1,Y,0,0,0,1,0,1
1,1,0,0,-0.5054876933443906,0.3349921714523259,0.189602923907601,360.0,1,Y,1,0,0,0,0,1
1,1,1,0,-0.4024576803522022,0.22420756790496607,-0.23271449361280994,360.0,2,Y,0,0,1,0,0,1
1,1,0,0,-0.4832586151988157,1.7835963668026313,0.5249726378208686,360.0,0,Y,1,0,0,0,0,1
1,1,0,0,0.6560698503894591,-0.6040028475801241,1.0342377589484228,360.0,1,Y,1,0,0,0,0,1
1,0,0,0,0.5973215724332969,0.9878573006331466,2.0279258001729192,360.0,0,N,1,0,0,0,0,1
1,1,0,0,-0.47602534373874766,0.1917362185893606,-0.6177686095873023,360.0,0,Y,0,0,0,1,0,1
0,1,0,1,0.023952493281563684,-0.6040028475801241,-0.49355760443424024,360.0,0,N,1,0,0,0,1,0
0,1,0,0,-0.5188957087337849,-0.4110848310579975,-0.18303009155158512,360.0,1,Y,1,0,0,0,0,1
1,1,0,0,0.5237539090467515,0.6058414263319057,0.251708426484132,360.0,0,Y,0,0,1,0,0,1
1,1,0,0,-0.2627320462943029,-0.6040028475801241,-0.965559424015876,360.0,2,N,0,1,0,0,0,1
1,1,1,0,-0.4171006445274618,0.03243559900574316,-0.5556631070107713,480.0,2,N,1,0,0,0,1,0
1,1,0,0,-0.03479578467459851,0.6058414263319057,0.6864469445198492,360.0,1,Y,0,0,0,1,0,1
0,0,0,0,-0.11312682194948144,-0.6040028475801241,-0.7916640168015892,360.0,1,N,0,1,0,0,0,1
1,1,0,0,-0.06425813428024142,0.7968493634825262,1.1336065630708725,360.0,1,Y,0,0,1,0,0,1
1,1,0,0,-0.10836344806114397,0.2872401871646708,-0.18303009155158512,360.0,2,Y,1,0,0,0,0,1
1,0,0,1,0.2571813925549764,-0.6040028475801241,-0.046397985883216884,360.0,0,Y,1,0,0,0,0,1
1,0,1,0,0.1502701119500686,-0.6040028475801241,-0.14576679000566653,360.0,0,N,1,0,0,0,0,1
1,0,0,0,-0.505311272089267,-0.6040028475801241,-0.6053475090719961,480.0,1,N,1,0,0,0,0,1
1,1,0,0,0.16950002875854212,-0.6040028475801241,0.37591943163719405,360.0,1,Y,0,1,0,0,0,1
1,1,0,0,2.5344269536905366,1.4076927464902103,5.282254135183146,360.0,0,N,1,0,0,0,0,1
0,0,0,1,1.8338581495946806,-0.6040028475801241,-1.1146126301995505,360.0,1,Y,1,0,0,0,0,1
1,1,0,0,-0.03162020208237353,-0.6040028475801241,0.12749742133106998,360.0,1,Y,0,0,1,0,0,1
1,1,0,1,0.6984109516191255,2.403608130793545,2.922245037274966,300.0,0,Y,0,0,1,0,0,1
1,0,0,0,-0.406162526709798,0.15506269465644149,-0.419031001342403,180.0,2,N,0,1,0,0,1,0
1,1,0,0,-0.09654322396786208,-0.2514021956000788,-0.30724109670464717,180.0,2,Y,1,0,0,0,0,1
1,1,0,0,0.5973215724332969,1.3045484604288753,-0.18303009155158512,360.0,0,Y,0,0,0,1,0,1
1,0,0,0,-0.40492757792393275,-0.6040028475801241,-0.9158750219546512,480.0,2,N,1,0,0,0,0,1
1,1,0,0,0.004722576473090173,-0.6040028475801241,-0.18303009155158512,360.0,2,Y,0,0,1,0,0,1
1,0,0,0,0.10175426679107578,1.0126883324627274,1.8788725939892448,360.0,1,Y,1,0,0,0,0,1
0,0,0,0,0.11216312084336878,-0.6040028475801241,0.13991852184637618,360.0,2,Y,1,0,0,0,0,1
1,0,0,1,0.3180467255726219,-0.6040028475801241,-0.20787229258219753,360.0,2,Y,1,0,0,0,0,1
1,1,0,0,-0.14082495900388825,-0.6040028475801241,-0.5556631070107713,360.0,2,N,0,0,1,0,0,1
1,0,1,0,-0.5324801453783029,0.007222551301861265,-0.15818789052097273,360.0,1,Y,1,0,0,0,0,1
1,1,0,0,-0.5347736216949098,0.319329520605975,-0.1085034884597479,360.0,2,Y,1,0,0,0,0,1
1,1,0,0,0.021835438220080362,-0.6040028475801241,-0.24513559412811614,360.0,0,Y,1,0,0,0,0,1
1,0,0,0,0.6708892358198423,-0.6040028475801241,0.5001304367902561,360.0,0,Y,0,0,0,1,0,1
1,1,0,0,0.730343198796499,-0.6040028475801241,1.6180294831678146,360.0,0,Y,0,0,0,1,0,1
1,1,1,0,-0.5947568484369373,0.016772948159392287,-0.3941888003117906,180.0,1,Y,0,0,1,0,0,1
1,1,0,0,-0.3994585190151008,-0.0691806235583869,-0.3941888003117906,360.0,2,Y,0,0,1,0,0,1
0,0,0,0,-0.38534481860521197,-0.6040028475801241,-0.9158750219546512,360.0,2,N,1,0,0,0,1,0
1,1,0,0,-0.4112787431083827,-0.0466416869746137,-0.6177686095873023,360.0,2,Y,1,0,0,0,0,1
1,0,1,0,-0.25796867240596544,0.03243559900574316,-0.4438732023730154,360.0,0,Y,1,0,0,0,0,1
0,0,0,0,-0.6817325272128771,0.08362572616210943,-0.5183998054648526,360.0,1,N,1,0,0,0,1,0
1,1,1,0,-0.4366834038461826,-0.6040028475801241,-1.2388236353526125,180.0,2,N,0,0,1,0,1,0
1,0,1,0,-0.46032385203274634,-0.6040028475801241,-0.9904016250464884,300.0,0,N,1,0,0,0,0,1
1,0,0,0,-0.505311272089267,7.0363146384446935,-0.5183998054648526,360.0,1,Y,1,0,0,0,0,1
0,0,1,0,-0.6000494860906456,-0.6040028475801241,-1.139454831230163,360.0,1,Y,1,0,0,0,0,1
0,0,0,1,0.3663861494764911,-0.6040028475801241,0.611920341428012,360.0,0,N,1,0,0,0,0,1
0,0,0,0,-0.14417696285123685,-0.6040028475801241,-0.3693465992811782,360.0,1,Y,1,0,0,0,0,1
1,1,1,0,-0.5640595500454292,0.31283525074285395,-0.3693465992811782,360.0,2,Y,1,0,0,0,0,1
0,0,1,0,-0.555944172309743,-0.6040028475801241,-0.9779805245311822,360.0,0,Y,1,0,0,0,0,1
1,1,0,0,0.5179320076276722,-0.6040028475801241,0.09023411978515136,300.0,1,N,0,1,0,0,1,0
1,1,0,0,13.343757255114134,-0.6040028475801241,2.673823026968842,360.0,0,N,0,0,0,1,1,0
0,0,1,1,-0.26414341633529176,-0.6040028475801241,-1.027664926592407,360.0,1,N,0,1,0,0,0,1
1,1,1,0,0.12909956133523537,-0.6040028475801241,0.9100267537953609,360.0,0,N,1,0,0,0,1,0
1,1,1,0,-0.5488873221047986,0.17263542487429856,-0.4314521018577092,360.0,0,Y,1,0,0,0,0,1
0,1,1,0,-0.5672351326376541,0.6325825375329925,0.41318273318311266,360.0,1,N,1,0,0,0,1,0
0,0,0,0,-0.4179827508030799,-0.6040028475801241,-1.0525071276230193,360.0,2,Y,1,0,0,0,0,1
0,0,0,0,-0.4876691465769059,-0.6040028475801241,0.189602923907601,360.0,2,N,0,1,0,0,0,1
1,1,0,1,-0.6640904017005161,7.0363146384446935,1.1708698646167912,360.0,2,N,0,0,1,0,0,1
1,1,0,0,-0.765532623396592,0.4553271718572168,-0.4066099008270968,360.0,0,Y,1,0,0,0,0,1
1,1,0,0,-0.3737010157670537,-0.06268635369526582,-0.08366128742913549,360.0,1,Y,1,0,0,0,0,1
1,1,0,0,0.08199508621723145,-0.6040028475801241,-0.08366128742913549,360.0,0,Y,1,0,0,0,0,1
1,1,0,0,-0.6252777255733218,0.052682440343708926,-0.5556631070107713,360.0,2,Y,1,0,0,0,0,1
1,1,0,0,1.6787838663410273,-0.6040028475801241,-0.6053475090719961,360.0,1,Y,1,0,0,0,0,1
1,1,0,0,-0.47602534373874766,1.0386654119152117,-0.29481999618934096,360.0,0,Y,1,0,0,0,0,1
0,0,1,0,-0.13376810879894385,-0.6040028475801241,-0.7916640168015892,360.0,0,N,0,1,0,0,0,1
1,1,0,0,0.10069573926033412,-0.6040028475801241,-0.14576679000566653,360.0,1,Y,0,0,1,0,0,1
1,1,0,0,-0.43121434493735067,-0.5978447513654948,-0.7171374137097519,360.0,0,Y,1,0,0,0,0,1
1,0,1,0,-0.46702785972744354,-0.6040028475801241,-1.0525071276230193,180.0,2,Y,1,0,0,0,0,1
0,0,0,1,0.575092494287722,-0.6040028475801241,0.06539191875453895,360.0,1,Y,0,1,0,0,0,1
1,0,0,0,0.20037374840517388,-0.6040028475801241,-0.49355760443424024,360.0,0,N,1,0,0,0,1,0
1,1,0,0,-0.5185428662235377,0.2899142982847795,-0.021555784852604475,360.0,1,Y,1,0,0,0,0,1
1,0,0,0,-0.2847847031847542,-0.6040028475801241,-0.5556631070107713,360.0,2,Y,1,0,0,0,0,1
1,0,0,0,-0.6065770725302192,0.10310853575147272,-1.1767181327760814,360.0,1,Y,1,0,0,0,0,1
1,0,0,1,0.8912393834692315,-0.6040028475801241,0.5249726378208686,360.0,2,N,1,0,0,0,1,0
0,1,1,1,0.31363619419453165,-0.6040028475801241,-0.08366128742913549,360.0,0,Y,1,0,0,0,0,1
1,0,0,0,-0.3006626161458791,1.3305255398813596,0.5249726378208686,360.0,1,Y,1,0,0,0,0,1
1,1,0,0,0.4475399268333518,0.09623225001405039,0.43802493421372507,360.0,0,Y,1,0,0,0,0,1
1,0,1,0,-0.1159495620314592,0.1573547899022489,0.04054971772392655,360.0,1,Y,0,0,0,1,0,1
1,0,0,0,5.708068912109161,-0.6040028475801241,0.09023411978515136,360.0,1,Y,0,1,0,0,0,1
1,1,0,1,-0.3348883396398595,-0.14176363967562267,-0.18303009155158512,360.0,0,Y,0,1,0,0,0,1
1,1,1,0,-0.12565273106325778,-0.6040028475801241,-0.4314521018577092,360.0,0,Y,0,0,1,0,0,1
1,1,0,0,-0.3571174177854344,0.04924429747499776,0.06539191875453895,360.0,0,N,0,0,1,0,1,0
1,1,1,0,-0.5390077318178765,-0.12457292533206683,-0.24513559412811614,360.0,0,N,0,0,1,0,1,0
1,1,0,0,-0.24985329467027936,0.0580306625839263,0.052970818239232755,360.0,0,N,1,0,0,0,1,0
1,1,0,0,-0.5083104334263683,0.33804829844673584,-0.6798741121638333,180.0,0,Y,1,0,0,0,1,0
1,0,0,1,0.3035801826524859,-0.6040028475801241,-0.7544007152556705,360.0,1,Y,1,0,0,0,0,1
1,1,0,0,-0.26555478637628066,-0.6040028475801241,-0.6053475090719961,360.0,1,Y,0,0,1,0,0,1
1,1,0,0,-0.18757659161164494,-0.6040028475801241,-0.3320832977352596,360.0,2,Y,1,0,0,0,0,1
1,1,0,0,-0.2921943958999458,0.37739593349976364,0.35107723060658164,360.0,2,N,1,0,0,0,0,1
1,0,0,0,-0.17822626509009362,-0.6040028475801241,-0.1085034884597479,360.0,0,Y,0,0,1,0,0,1
1,1,0,0,0.523930330301875,-0.6040028475801241,0.189602923907601,360.0,1,N,1,0,0,0,0,1
1,1,0,0,0.41913610475845053,-0.6040028475801241,-0.20787229258219753,180.0,2,Y,0,0,0,1,0,1
1,1,0,0,-0.4144543257006077,0.23184788539099088,0.10265522030045757,360.0,0,Y,1,0,0,0,0,1
1,0,0,0,-0.21139346105333234,-0.6040028475801241,-0.5805053080413837,360.0,1,N,1,0,0,0,1,0
1,0,0,0,0.11216312084336878,-0.6040028475801241,-0.05881908639852309,360.0,0,Y,1,0,0,0,0,1
1,1,1,0,-0.4264509710490132,0.03167156725714068,-0.9282961224699574,180.0,2,N,0,0,0,1,1,0
1,1,0,0,-0.18193111144768942,0.3323180603322172,-0.4314521018577092,360.0,2,N,1,0,0,0,0,1
1,1,0,1,-0.3377110797218372,0.19020815509215563,0.2144451249382134,360.0,1,Y,0,1,0,0,0,1
1,1,1,0,-0.4783188200553546,-0.030979036128262822,-0.3941888003117906,180.0,0,N,0,1,0,0,1,0
1,1,0,0,-0.11877230211343698,-0.6040028475801241,-0.5556631070107713,360.0,1,Y,0,0,0,1,0,1
1,0,0,0,0.02959797344551921,1.1716069361720436,0.2144451249382134,360.0,0,Y,0,0,1,0,0,1
1,1,0,1,1.968996831019366,-0.21663875103866587,0.06539191875453895,360.0,0,Y,0,0,1,0,0,1
1,1,0,0,0.23565799942989593,0.06452493244704739,1.0590799599790353,300.0,1,Y,0,0,1,0,0,1
1,1,0,1,1.9940486492469187,0.2555328695976678,-0.7295585142250581,360.0,1,Y,0,1,0,0,0,1
0,0,1,0,-0.17893195011058804,-0.6040028475801241,0.11507632081576377,360.0,0,Y,1,0,0,0,0,1
1,1,1,0,-0.40034062529071884,-0.6040028475801241,-0.3941888003117906,360.0,0,Y,0,0,0,1,0,1
1,1,0,0,-0.5788789354758124,0.5993471564687846,-0.20787229258219753,360.0,1,Y,1,0,0,0,0,1
1,1,0,0,0.9648070468557769,-0.6040028475801241,1.10876436204026,360.0,1,Y,1,0,0,0,0,1
1,1,0,0,0.5237539090467515,-0.6040028475801241,1.2578175682239345,360.0,1,Y,0,0,1,0,0,1
1,1,1,0,-0.6009315923662637,0.3265878222176986,-0.17060899103627894,360.0,0,Y,0,1,0,0,0,1
1,0,0,0,-0.32059821797484706,-0.6040028475801241,-0.8040851173168954,360.0,0,N,0,0,1,0,1,0
1,1,0,0,2.287966460282853,-0.6040028475801241,4.412777099111711,360.0,2,N,0,1,0,0,0,1
1,1,0,1,-0.13782579766678688,0.1917362185893606,0.189602923907601,360.0,1,Y,0,0,1,0,0,1
1,0,0,0,-0.5167786536723016,-0.6040028475801241,-0.8661906198934264,360.0,2,N,1,0,0,0,0,1
1,0,1,0,-0.29519355723704715,-0.6040028475801241,-0.4314521018577092,360.0,0,Y,1,0,0,0,0,1
0,0,1,1,2.0991957173005904,-0.6040028475801241,0.9969744574025042,360.0,1,Y,1,0,0,0,0,1
1,1,0,0,-0.31177715521866656,0.22000539328765242,-0.31966219721995337,360.0,0,N,1,0,0,0,1,0
0,1,0,0,-0.3595873153571649,-0.2552223543430912,-0.49355760443424024,84.0,1,Y,0,1,0,0,0,1
1,1,1,0,-0.4876691465769059,0.04542413873198535,-0.46871540340362783,360.0,0,Y,1,0,0,0,0,1
1,1,0,1,-0.4356248763154409,-0.6040028475801241,-0.6177686095873023,360.0,1,Y,0,1,0,0,0,1
1,0,0,0,0.1620903360433505,1.0829792533341556,0.7982368491576051,360.0,0,N,1,0,0,0,1,0
0,0,0,0,-0.8325727003435639,0.8029616174713461,-0.3941888003117906,480.0,0,Y,1,0,0,0,0,1
0,0,0,0,-0.3890496649628078,-0.6040028475801241,-0.5556631070107713,360.0,1,Y,1,0,0,0,0,1
1,1,0,0,-0.0880750037219288,1.5444544294900546,0.7858157486422989,360.0,1,Y,0,0,1,0,0,1
1,1,1,0,-0.27349374285684314,-0.03747330599138392,-0.25755669464342235,300.0,1,Y,1,0,0,0,0,1
1,1,0,0,-0.32712580441442063,1.0829792533341556,1.220554266678016,360.0,0,Y,0,0,1,0,0,1
1,1,0,1,-0.5090161184468628,0.5470109816895146,0.5373937383361748,360.0,2,Y,1,0,0,0,0,1
0,0,0,0,1.393334275551026,-0.6040028475801241,-1.3009291379291434,360.0,2,Y,0,1,0,0,0,1
1,0,1,0,-0.31160073396354293,-0.11234841735442712,-0.5556631070107713,360.0,0,N,1,0,0,0,0,1
1,1,0,0,0.12363050242640346,0.16155696451956258,1.3075019702851594,360.0,1,Y,0,1,0,0,0,1
1,1,0,0,-0.36717342932748015,0.17339945662290104,0.04054971772392655,360.0,2,Y,0,0,1,0,0,1
1,1,0,0,-0.5705871364850027,1.9425149705119475,-0.9282961224699574,180.0,1,N,1,0,0,0,0,1
1,0,0,0,0.0795251886455009,0.7964673476082249,2.065189101718838,360.0,0,N,1,0,0,0,0,1
1,1,0,0,-0.3348883396398595,0.7055475695245296,0.06539191875453895,360.0,0,Y,0,0,0,1,0,1
0,1,0,0,-0.5880528407422402,0.019447059279500974,-0.3941888003117906,480.0,1,Y,0,0,1,0,0,1
1,0,0,0,-0.12018367215442585,0.12755755170675215,0.5001304367902561,360.0,1,N,1,0,0,0,0,1
0,0,1,0,-0.3465321424780177,-0.6040028475801241,-0.6177686095873023,360.0,0,N,1,0,0,0,0,1
1,1,1,0,-0.5596490186673388,0.061468805452637464,-1.2388236353526125,360.0,1,Y,0,0,1,0,0,1
1,0,0,0,-0.505311272089267,-0.6040028475801241,-1.1146126301995505,360.0,1,Y,1,0,0,0,0,1
1,1,0,1,0.05517905543844269,-0.060012242575157124,-0.5556631070107713,360.0,0,Y,0,0,0,1,0,1
1,1,0,1,0.4558317258241615,2.133522907662568,4.1643550888055865,360.0,0,Y,0,0,1,0,0,1
1,1,0,1,2.141007554764886,-0.6040028475801241,3.17066704758109,360.0,0,Y,0,0,1,0,0,1
1,1,0,0,-0.2803741718066639,-0.6040028475801241,-0.4314521018577092,360.0,1,Y,1,0,0,0,0,1
1,1,1,0,-0.013978076570012508,-0.05772014732934968,0.2020240244229072,360.0,1,Y,0,1,0,0,1,0
1,0,1,0,-0.4737318674221407,-0.10661817923990852,-0.6301897101026085,360.0,1,Y,0,1,0,0,0,1
1,0,1,0,0.2503009636051556,-0.6040028475801241,-0.18303009155158512,360.0,1,Y,1,0,0,0,0,1
1,1,0,0,-0.19110501671411717,-0.6040028475801241,-0.5556631070107713,360.0,2,Y,0,0,0,1,0,1
1,0,0,0,-0.31336494651477903,-0.6040028475801241,-0.4314521018577092,360.0,0,N,0,0,1,0,1,0
0,0,1,1,2.258327689422087,-0.6040028475801241,-0.24513559412811614,360.0,2,Y,1,0,0,0,0,1
1,1,0,0,0.13562714777480894,0.8881511574405228,2.2266634084178185,360.0,2,Y,1,0,0,0,0,1
1,0,0,0,-0.30824873011619436,-0.6040028475801241,-0.46871540340362783,360.0,1,Y,0,0,1,0,0,1
1,1,1,0,-0.4317436087027215,-0.399242338954659,-0.9779805245311822,360.0,0,N,1,0,0,0,0,1
1,1,0,0,0.18573078422991424,-0.6040028475801241,0.1523396223616824,180.0,0,Y,0,0,0,1,0,1
0,1,0,0,-0.13341526628869663,0.48283231480690614,-0.05881908639852309,180.0,1,Y,0,1,0,0,0,1
0,0,0,0,-0.5691757664440138,-0.6040028475801241,-0.5680842075260775,360.0,1,N,1,0,0,0,1,0
1,1,1,0,-0.5513572196765292,0.3602052191562078,-0.20787229258219753,360.0,2,Y,0,1,0,0,0,1
1,1,0,0,-0.4580303757161394,0.14092810730729557,0.12749742133106998,360.0,0,Y,1,0,0,0,0,1
1,0,1,0,-0.3539418351932094,-0.6040028475801241,-0.8040851173168954,36.0,1,N,1,0,0,0,0,1
1,0,0,0,-0.5007243194560531,0.07713145629898834,0.003286416178007935,360.0,0,Y,1,0,0,0,0,1
0,0,0,0,-0.06425813428024142,-0.6040028475801241,-0.5183998054648526,360.0,1,N,1,0,0,0,1,0
1,1,0,0,-0.45503121437903804,0.16614115501117746,-0.4314521018577092,360.0,0,Y,1,0,0,0,0,1
1,1,0,0,-0.35835236657129965,0.6375487438989087,0.1647607228769886,360.0,2,Y,0,1,0,0,0,1
1,1,1,0,-0.513426649824953,0.2872401871646708,0.4504460347290313,360.0,2,N,1,0,0,0,1,0
1,1,0,0,-0.312482840239161,1.0256768721889695,-0.15818789052097273,180.0,0,N,1,0,0,0,1,0
1,1,0,0,0.01830701311760816,-0.20976246530124354,-1.4748245451434303,360.0,1,Y,0,1,0,0,0,1
1,1,0,1,0.8423706957999915,-0.6040028475801241,1.4317129754382214,360.0,1,Y,0,0,0,1,0,1
1,1,0,0,-0.26061499123281956,0.4155975209298877,0.2144451249382134,360.0,1,Y,1,0,0,0,0,1
0,1,0,0,-0.2089235634816018,0.2769257585585373,0.4628671352443375,360.0,1,Y,1,0,0,0,0,1
1,1,1,0,-0.29801629731902496,-0.5115550059992238,-0.4562943028883216,360.0,1,Y,0,0,1,0,0,1
0,1,0,1,2.4910273249301285,-0.6040028475801241,5.654887150642331,360.0,1,Y,0,1,0,0,0,1
1,1,0,0,0.0985786841988508,0.18065775823462463,0.8230790501882175,360.0,0,Y,1,0,0,0,0,1
1,0,1,1,0.07687886981864675,-0.6040028475801241,-0.15818789052097273,360.0,1,Y,1,0,0,0,0,1
1,1,0,0,0.6059662139343538,-0.6040028475801241,1.406870774407609,360.0,2,N,0,0,1,0,1,0
1,0,0,0,-0.35835236657129965,-0.6040028475801241,-0.9282961224699574,360.0,2,Y,1,0,0,0,0,1
1,1,0,0,-0.3465321424780177,0.35103683817297804,-0.26997779515872855,360.0,0,N,0,0,0,1,1,0
0,0,0,0,-0.5268346652143474,-0.6040028475801241,-1.685983253903636,360.0,2,N,1,0,0,0,0,1
1,1,0,0,-0.3878147161769425,0.18447791697763702,-0.5059787049495464,360.0,2,N,1,0,0,0,1,0
1,1,0,0,-0.3435329811409164,0.06452493244704739,0.5125515373055624,360.0,2,Y,0,1,0,0,0,1
1,1,0,0,1.993872227991795,-0.6040028475801241,1.6180294831678146,360.0,2,Y,0,0,1,0,0,1
1,1,1,0,0.13421577773382007,0.016772948159392287,0.5249726378208686,480.0,1,N,0,0,1,0,0,1
1,1,0,0,0.18379015042355454,-0.6040028475801241,0.06539191875453895,360.0,1,N,0,0,0,1,0,1
1,1,0,0,-0.3890496649628078,-0.42789352952725207,-0.4562943028883216,84.0,2,Y,0,0,1,0,0,1
1,0,0,0,-0.3767001771041551,0.4423386321309746,-0.4314521018577092,360.0,2,Y,1,0,0,0,0,1
1,1,0,0,-0.6319817332680191,0.2486565838602455,-0.46871540340362783,360.0,0,Y,0,1,0,0,0,1
1,1,0,0,0.2074305986101183,-0.6040028475801241,0.7485524470963802,360.0,1,Y,0,0,1,0,0,1
1,0,0,0,-0.6224549854913441,12.322268291150962,-0.6798741121638333,360.0,2,N,1,0,0,0,0,1
0,1,0,0,-0.3878147161769425,-0.6040028475801241,-1.3506135399903683,360.0,1,Y,1,0,0,0,0,1
1,1,0,0,-0.4546783718687908,0.1283215834553546,0.01570751669331414,360.0,0,N,0,1,0,0,1,0
1,1,0,0,-0.19075217420386995,0.5420447753235985,0.33865613009127543,84.0,0,N,0,1,0,0,0,1
1,1,0,0,-0.5411247868793598,-0.022574686893635523,-0.5059787049495464,360.0,2,Y,1,0,0,0,0,1
0,0,1,0,-0.5644123925556763,-0.6040028475801241,-0.9282961224699574,360.0,1,Y,1,0,0,0,0,1
1,1,0,1,-0.465440068431331,-0.6040028475801241,-0.48113650391893403,360.0,1,N,0,0,1,0,1,0
1,1,0,0,-0.4171006445274618,0.7009633790329146,-1.1021915296842442,180.0,1,Y,1,0,0,0,0,1
1,1,0,1,0.11216312084336878,-0.6040028475801241,0.7485524470963802,240.0,1,N,0,0,1,0,0,1
1,1,0,0,-0.26555478637628066,0.6566495376139707,-0.03397688536791068,180.0,0,Y,1,0,0,0,0,1
1,1,0,1,1.8975462226943038,-0.6040028475801241,1.4317129754382214,360.0,2,Y,1,0,0,0,0,1
1,0,1,0,-0.2701417390094945,-0.6040028475801241,-0.4314521018577092,360.0,0,Y,1,0,0,0,0,1
1,1,1,1,0.1797324615557115,-0.22198697327888325,0.5249726378208686,360.0,0,N,0,0,1,0,0,1
1,1,0,1,0.8113205548982361,-0.6040028475801241,0.43802493421372507,360.0,0,Y,1,0,0,0,0,1
1,1,0,0,0.07335044471617454,-0.6040028475801241,0.5870781403973996,360.0,2,Y,0,0,1,0,0,1
1,1,0,0,0.05976600807165656,-0.6040028475801241,-0.20787229258219753,360.0,2,Y,0,0,0,1,0,1
1,0,0,0,-0.29783987606390133,1.039047427789513,0.33865613009127543,360.0,0,Y,1,0,0,0,0,1
0,1,0,0,1.17069065158503,-0.6040028475801241,4.363092697050486,360.0,1,Y,0,1,0,0,0,1
1,1,0,0,-0.3465321424780177,0.35103683817297804,0.35107723060658164,360.0,1,Y,0,1,0,0,0,1
1,1,1,0,-0.24297286572045856,-0.06497844894107326,0.1523396223616824,360.0,0,Y,0,0,1,0,0,1
1,1,0,0,-0.3761709133387843,0.14092810730729557,-0.4562943028883216,360.0,0,Y,1,0,0,0,0,1
0,0,0,0,-0.43474277003982287,-0.6040028475801241,-0.9158750219546512,360.0,0,Y,1,0,0,0,0,1
1,1,0,0,-0.22197873636074894,-0.6040028475801241,-1.3009291379291434,180.0,0,Y,0,0,0,1,0,1
1,1,0,0,0.4777079614594891,-0.5123190377478263,1.344765271831078,360.0,2,Y,0,1,0,0,0,1
1,1,0,0,0.39143796770404377,-0.6040028475801241,0.5249726378208686,360.0,2,Y,0,0,1,0,0,1
0,0,0,1,-0.13782579766678688,-0.6040028475801241,-0.14576679000566653,360.0,1,N,1,0,0,0,1,0
